sample_id,group,cell_area,circularity,intensity
C01,control,79.625,0.8662,97.813
C02,control,80.032,0.8661,129.742
C03,control,79.943,0.8671,128.803
C04,control,93.341,0.722,130.694
C05,control,86.108,0.7683,124.134
C06,control,77.536,0.7831,133.909
C07,control,67.874,0.807,117.629
C08,control,75.634,0.8014,93.976
C09,control,86.463,0.9297,112.543
C10,control,73.16,0.793,134.505
C11,control,84.747,0.8352,121.087
C12,control,96.208,0.7664,127.204
C13,control,85.001,0.8024,94.216
C14,control,70.891,0.7599,113.364
C15,control,73.515,0.8956,106.447
C16,control,85.795,0.7931,125.815
C17,control,75.31,0.8104,127.895
C18,control,69.981,0.8334,122.338
C19,control,68.245,0.8647,121.749
C20,control,76.633,0.8507,125.041
C21,control,87.197,0.8657,116.875
C22,control,81.577,0.8334,158.031
C23,control,77.781,0.8447,110.544
C24,control,65.618,0.8131,125.832
C25,control,57.685,0.7813,120.947
C26,control,72.599,0.8025,133.893
C27,control,92.255,0.8558,125.799
C28,control,77.185,0.8179,105.319
C29,control,87.63,0.7988,132.474
C30,control,92.391,0.7685,119.624
T01,treated,107.13,0.7744,124.944
T02,treated,76.411,0.6807,130.966
T03,treated,82.063,0.6831,125.979
T04,treated,82.453,0.7008,151.583
T05,treated,95.069,0.7872,136.644
T06,treated,95.722,0.6548,121.859
T07,treated,92.303,0.6029,140.51
T08,treated,81.823,0.7169,124.752
T09,treated,87.155,0.6688,136.727
T10,treated,93.627,0.6781,136.003
T11,treated,92.903,0.7334,146.412
T12,treated,86.395,0.7334,138.539
T13,treated,100.566,0.6243,143.154
T14,treated,103.922,0.7051,148.956
T15,treated,84.257,0.6746,155.365
T16,treated,77.899,0.7716,125.637
T17,treated,95.942,0.7259,113.031
T18,treated,68.251,0.652,158.465
T19,treated,98.129,0.6981,125.783
T20,treated,91.694,0.7215,143.9
T21,treated,107.037,0.6803,148.94
T22,treated,91.656,0.7982,123.748
T23,treated,90.474,0.7575,149.288
T24,treated,97.447,0.8423,124.347
T25,treated,97.767,0.6775,124.877
T26,treated,94.803,0.7653,140.627
T27,treated,91.232,0.754,119.345
T28,treated,94.818,0.6975,157.025
T29,treated,90.011,0.7748,126.522
T30,treated,79.201,0.7553,113.659
